tempo,PWM,RPM
0.009,255.0,0.0
0.019,165.746,180.0
0.029,44.542,420.0
0.039,16.536,480.0
0.049,51.002,420.0
0.059,85.672,360.0
0.069,73.539,390.0
0.079,61.304,420.0
0.089,80.305,390.0
0.099,68.07,420.0
0.109,87.071,390.0
0.119,90.505,390.0
0.129,62.601,450.0
0.139,65.831,450.0
0.149,84.73,420.0
0.159,72.393,450.0
0.169,59.954,480.0
0.179,63.082,480.0
0.189,81.879,450.0
0.199,85.109,450.0
0.209,72.67,480.0
0.219,75.798,480.0
0.229,78.926,480.0
0.239,66.386,510.0
0.249,85.081,480.0
0.259,88.209,480.0
0.269,75.668,510.0
0.279,78.694,510.0
0.289,66.051,540.0
0.3,68.975,540.0
0.309,71.899,540.0
0.319,74.823,540.0
0.329,93.416,510.0
0.339,80.773,540.0
0.349,68.028,570.0
0.359,86.519,540.0
0.369,73.774,570.0
0.379,92.265,540.0
0.389,79.52,570.0
0.399,66.673,600.0
0.409,69.393,600.0
0.419,72.113,600.0
0.429,74.833,600.0
0.439,93.222,570.0
0.449,80.375,600.0
0.459,83.095,600.0
0.47,70.146,630.0
0.479,88.433,600.0
0.489,75.484,630.0
0.499,78.102,630.0
0.509,80.72,630.0
0.519,67.669,660.0
0.529,85.854,630.0
0.539,72.803,660.0
0.549,90.988,630.0
0.559,77.937,660.0
0.569,96.122,630.0
0.579,83.071,660.0
0.589,69.918,690.0
0.599,72.332,690.0
0.609,74.746,690.0
0.619,77.16,690.0
0.629,95.243,660.0
0.64,82.09,690.0
0.649,84.504,690.0
0.659,86.919,690.0
0.669,73.664,720.0
0.679,91.645,690.0
0.689,78.39,720.0
0.699,65.033,750.0
0.709,82.912,720.0
0.719,85.224,720.0
0.729,103.205,690.0
0.739,74.281,750.0
0.749,92.16,720.0
0.759,78.803,750.0
0.769,65.344,780.0
0.779,83.121,750.0
0.789,85.331,750.0
0.799,87.541,750.0
0.809,74.082,780.0
0.819,91.859,750.0
0.829,94.069,750.0
0.839,80.61,780.0
0.849,67.049,810.0
0.859,84.724,780.0
0.869,86.832,780.0
0.879,88.94,780.0
0.889,91.048,780.0
0.899,93.156,780.0
0.909,79.595,810.0
0.919,65.932,840.0
0.929,83.505,810.0
0.94,101.18,780.0
0.949,87.619,810.0
0.959,73.956,840.0
0.969,91.529,810.0
0.979,93.535,810.0
0.989,79.872,840.0
0.999,81.776,840.0
1.009,83.68,840.0
1.019,85.584,840.0
1.029,87.488,840.0
1.039,105.061,810.0
1.049,75.729,870.0
1.059,93.2,840.0
1.069,79.435,870.0
1.079,81.237,870.0
1.089,83.039,870.0
1.099,84.841,870.0
1.11,86.643,870.0
1.119,104.114,840.0
1.129,90.349,870.0
1.139,76.482,900.0
1.149,62.513,930.0
1.159,95.449,870.0
1.169,97.251,870.0
1.179,99.053,870.0
1.189,85.186,900.0
1.199,86.886,900.0
1.209,72.917,930.0
1.219,90.184,900.0
1.229,91.884,900.0
1.239,93.584,900.0
1.249,95.284,900.0
1.259,81.315,930.0
1.269,82.913,930.0
1.28,84.511,930.0
1.289,86.109,930.0
1.299,87.707,930.0
1.309,104.974,900.0
1.319,91.005,930.0
1.329,92.603,930.0
1.339,78.532,960.0
1.349,80.028,960.0
1.359,97.193,930.0
1.369,98.791,930.0
1.379,84.72,960.0
1.389,86.216,960.0
1.399,87.712,960.0
1.409,89.208,960.0
1.419,90.704,960.0
1.429,92.2,960.0
1.439,93.696,960.0
1.449,95.192,960.0
1.459,81.019,990.0
1.469,82.413,990.0
1.479,83.807,990.0
1.489,100.871,960.0
1.499,102.367,960.0
1.509,88.194,990.0
1.519,89.588,990.0
1.529,75.313,1020.0
1.539,92.274,990.0
1.549,93.668,990.0
1.559,95.062,990.0
1.569,96.456,990.0
1.58,97.85,990.0
1.589,83.575,1020.0
1.599,84.867,1020.0
1.609,86.159,1020.0
1.619,103.12,990.0
1.629,88.845,1020.0
1.639,90.137,1020.0
1.649,91.429,1020.0
1.659,92.721,1020.0
1.669,94.013,1020.0
1.679,95.305,1020.0
1.689,80.928,1050.0
1.699,97.787,1020.0
1.709,99.079,1020.0
1.719,84.702,1050.0
1.729,85.892,1050.0
1.739,102.751,1020.0
1.75,88.374,1050.0
1.759,89.564,1050.0
1.769,90.754,1050.0
1.779,91.944,1050.0
1.789,108.803,1020.0
1.799,94.426,1050.0
1.809,79.947,1080.0
1.819,96.704,1050.0
1.829,97.894,1050.0
1.839,83.415,1080.0
1.849,100.172,1050.0
1.859,101.362,1050.0
1.869,86.883,1080.0
1.879,87.971,1080.0
1.889,89.059,1080.0
1.899,90.147,1080.0
1.909,106.904,1050.0
1.92,92.425,1080.0
1.929,93.513,1080.0
1.939,94.601,1080.0
1.949,95.689,1080.0
1.959,96.777,1080.0
1.969,82.196,1110.0
1.979,98.851,1080.0
1.989,84.27,1110.0
1.999,100.925,1080.0
2.269,96.583,1140.0
2.279,97.467,1140.0
2.289,82.682,1170.0
2.299,99.133,1140.0
2.309,100.017,1140.0
2.319,85.232,1170.0
2.329,101.683,1140.0
2.339,102.567,1140.0
2.349,87.782,1170.0
2.359,104.233,1140.0
2.369,89.448,1170.0
2.379,105.899,1140.0
2.39,91.114,1170.0
2.399,91.896,1170.0
2.409,92.678,1170.0
2.419,93.46,1170.0
2.429,94.242,1170.0
2.439,110.693,1140.0
2.449,95.908,1170.0
2.459,96.69,1170.0
2.469,81.803,1200.0
2.479,98.152,1170.0
2.489,114.603,1140.0
2.499,99.818,1170.0
2.509,84.931,1200.0
2.519,85.611,1200.0
2.529,101.96,1170.0
2.539,118.411,1140.0
2.549,87.957,1200.0
2.56,104.306,1170.0
2.569,89.419,1200.0
2.579,90.099,1200.0
2.589,106.448,1170.0
2.599,91.561,1200.0
2.609,92.241,1200.0
2.619,92.921,1200.0
2.629,109.27,1170.0
2.639,110.052,1170.0
2.649,95.165,1200.0
2.659,80.176,1230.0
2.669,96.423,1200.0
2.679,112.772,1170.0
2.689,97.885,1200.0
2.699,98.565,1200.0
2.709,83.576,1230.0
2.719,99.823,1200.0
2.729,100.503,1200.0
2.739,101.183,1200.0
2.749,101.863,1200.0
2.759,102.543,1200.0
2.769,87.554,1230.0
2.779,103.801,1200.0
2.789,104.481,1200.0
2.799,89.492,1230.0
2.809,90.07,1230.0
2.819,106.317,1200.0
2.829,91.328,1230.0
2.839,107.575,1200.0
2.849,92.586,1230.0
2.86,108.833,1200.0
2.869,93.844,1230.0
2.879,94.422,1230.0
2.889,95.0,1230.0
2.899,95.578,1230.0
2.909,111.825,1200.0
2.919,81.167,1260.0
2.929,112.981,1200.0
2.939,97.992,1230.0
2.949,98.57,1230.0
2.959,99.148,1230.0
2.969,99.726,1230.0
2.979,100.304,1230.0
2.989,100.882,1230.0
2.999,85.791,1260.0
3.009,101.936,1230.0
3.019,102.514,1230.0
3.03,87.423,1260.0
3.039,103.568,1230.0
3.049,104.146,1230.0
3.059,104.724,1230.0
3.069,105.302,1230.0
3.079,90.211,1260.0
3.089,90.687,1260.0
3.099,106.832,1230.0
3.109,91.741,1260.0
3.119,107.886,1230.0
3.129,92.795,1260.0
3.139,108.94,1230.0
3.149,93.849,1260.0
3.159,109.994,1230.0
3.169,94.903,1260.0
3.179,95.379,1260.0
3.189,111.524,1230.0
3.2,96.433,1260.0
3.209,96.909,1260.0
3.219,97.385,1260.0
3.229,97.861,1260.0
3.239,98.337,1260.0
3.249,98.814,1260.0
3.259,99.29,1260.0
3.269,115.435,1230.0
3.279,100.344,1260.0
3.289,85.151,1290.0
3.299,101.194,1260.0
3.309,86.001,1290.0
3.319,102.044,1260.0
3.329,118.189,1230.0
3.339,103.098,1260.0
3.349,87.905,1290.0
3.359,103.948,1260.0
3.369,88.755,1290.0
3.379,104.798,1260.0
3.389,105.274,1260.0
3.399,90.081,1290.0
3.409,106.124,1260.0
3.419,106.6,1260.0
3.429,107.076,1260.0
3.439,91.883,1290.0
3.449,92.257,1290.0
3.459,108.3,1260.0
3.469,108.776,1260.0
3.479,93.583,1290.0
3.489,93.957,1290.0
3.5,94.331,1290.0
3.509,110.374,1260.0
3.519,110.85,1260.0
3.529,95.657,1290.0
3.539,96.031,1290.0
3.549,96.405,1290.0
3.559,112.448,1260.0
3.569,97.255,1290.0
3.579,97.629,1290.0
3.589,98.003,1290.0
3.599,98.377,1290.0
3.609,114.42,1260.0
3.619,99.227,1290.0
3.629,99.601,1290.0
3.639,99.975,1290.0
3.649,100.349,1290.0
3.659,100.723,1290.0
3.67,101.097,1290.0
3.679,85.802,1320.0
3.689,101.743,1290.0
3.699,117.786,1260.0
3.709,102.593,1290.0
3.719,102.967,1290.0
3.729,103.341,1290.0
3.739,88.046,1320.0
3.749,103.987,1290.0
3.759,104.361,1290.0
3.769,104.735,1290.0
3.779,89.44,1320.0
3.789,105.381,1290.0
3.799,105.755,1290.0
3.809,106.129,1290.0
3.819,90.834,1320.0
3.829,106.775,1290.0
3.84,107.149,1290.0
3.849,91.854,1320.0
3.859,107.795,1290.0
3.869,92.5,1320.0
3.879,108.441,1290.0
3.889,93.146,1320.0
3.899,109.087,1290.0
3.909,93.792,1320.0
3.919,109.733,1290.0
3.929,110.107,1290.0
3.939,94.812,1320.0
3.949,95.084,1320.0
3.959,95.356,1320.0
3.969,95.628,1320.0
3.979,111.569,1290.0
3.989,111.943,1290.0
3.999,96.648,1320.0
4.009,96.92,1320.0
4.019,97.192,1320.0
4.029,113.133,1290.0
4.039,97.838,1320.0
4.049,98.11,1320.0
4.059,98.382,1320.0
4.069,98.654,1320.0
4.079,114.595,1290.0
4.089,99.3,1320.0
4.099,99.572,1320.0
4.109,99.844,1320.0
4.119,100.116,1320.0
4.129,100.388,1320.0
4.14,100.66,1320.0
4.149,100.932,1320.0
4.159,101.204,1320.0
4.169,101.476,1320.0
4.179,117.417,1290.0
4.189,102.122,1320.0
4.199,102.394,1320.0
4.209,86.997,1350.0
4.219,102.836,1320.0
4.229,103.108,1320.0
4.239,103.38,1320.0
4.249,103.652,1320.0
4.259,119.593,1290.0
4.529,111.166,1320.0
4.539,95.769,1350.0
4.549,111.608,1320.0
4.559,96.211,1350.0
4.569,96.381,1350.0
4.579,112.22,1320.0
4.589,96.823,1350.0
4.599,112.662,1320.0
4.609,97.265,1350.0
4.619,97.435,1350.0
4.629,113.274,1320.0
4.639,97.877,1350.0
4.649,113.716,1320.0
4.659,98.319,1350.0
4.669,98.489,1350.0
4.679,98.659,1350.0
4.689,98.829,1350.0
4.699,114.668,1320.0
4.709,114.94,1320.0
4.719,99.543,1350.0
4.729,99.713,1350.0
4.739,99.883,1350.0
4.749,100.053,1350.0
4.759,100.223,1350.0
4.769,100.393,1350.0
4.78,116.232,1320.0
4.789,100.835,1350.0
4.799,101.005,1350.0
4.809,116.844,1320.0
4.819,101.447,1350.0
4.829,85.948,1380.0
4.839,101.685,1350.0
4.849,117.524,1320.0
4.859,102.127,1350.0
4.869,102.297,1350.0
4.879,118.136,1320.0
4.889,102.739,1350.0
4.899,87.24,1380.0
4.909,102.977,1350.0
4.919,103.147,1350.0
4.929,103.317,1350.0
4.939,103.487,1350.0
4.95,119.326,1320.0
4.959,103.929,1350.0
4.969,88.43,1380.0
4.979,104.167,1350.0
4.989,104.337,1350.0
4.999,104.507,1350.0
5.009,104.677,1350.0
5.019,104.847,1350.0
5.029,105.017,1350.0
5.039,105.187,1350.0
5.049,105.357,1350.0
5.059,105.527,1350.0
5.069,105.697,1350.0
5.079,90.198,1380.0
5.089,105.935,1350.0
5.099,106.105,1350.0
5.109,106.275,1350.0
5.12,106.445,1350.0
5.129,106.615,1350.0
5.139,106.785,1350.0
5.149,91.286,1380.0
5.159,107.023,1350.0
5.169,107.193,1350.0
5.179,107.363,1350.0
5.189,91.864,1380.0
5.199,107.601,1350.0
5.209,107.771,1350.0
5.219,107.941,1350.0
5.229,108.111,1350.0
5.239,92.612,1380.0
5.249,108.349,1350.0
5.259,108.519,1350.0
5.269,93.02,1380.0
5.279,108.757,1350.0
5.289,108.927,1350.0
5.299,109.097,1350.0
5.309,93.598,1380.0
5.319,109.335,1350.0
5.329,93.836,1380.0
5.339,109.573,1350.0
5.349,109.743,1350.0
5.359,109.913,1350.0
5.369,94.414,1380.0
5.379,94.482,1380.0
5.389,110.219,1350.0
5.399,110.389,1350.0
5.409,110.559,1350.0
5.42,95.06,1380.0
5.429,110.797,1350.0
5.439,110.967,1350.0
5.449,95.468,1380.0
5.459,95.536,1380.0
5.469,111.273,1350.0
5.479,95.774,1380.0
5.489,111.511,1350.0
5.499,111.681,1350.0
5.509,96.182,1380.0
5.519,111.919,1350.0
5.529,96.42,1380.0
5.539,96.488,1380.0
5.549,112.225,1350.0
5.559,112.395,1350.0
5.569,96.896,1380.0
5.579,112.633,1350.0
5.59,97.134,1380.0
5.599,112.871,1350.0
5.609,97.372,1380.0
5.619,97.44,1380.0
5.629,113.177,1350.0
5.639,97.678,1380.0
5.649,113.415,1350.0
5.659,97.916,1380.0
5.669,113.653,1350.0
5.679,98.154,1380.0
5.689,98.222,1380.0
5.699,113.959,1350.0
5.709,98.46,1380.0
5.719,98.528,1380.0
5.729,98.596,1380.0
5.739,114.333,1350.0
5.749,114.503,1350.0
5.76,99.004,1380.0
5.769,99.072,1380.0
5.779,114.809,1350.0
5.789,99.31,1380.0
5.799,99.378,1380.0
5.809,99.446,1380.0
5.819,99.514,1380.0
5.829,115.251,1350.0
5.839,99.752,1380.0
5.849,99.82,1380.0
5.859,115.557,1350.0
5.869,115.727,1350.0
5.879,100.228,1380.0
5.889,84.627,1410.0
5.899,100.262,1380.0
5.909,115.999,1350.0
5.919,116.169,1350.0
5.929,100.67,1380.0
5.939,100.738,1380.0
5.949,100.806,1380.0
5.959,100.874,1380.0
5.969,100.942,1380.0
5.979,116.679,1350.0
5.989,101.18,1380.0
5.999,101.248,1380.0
6.009,101.316,1380.0
6.019,117.053,1350.0
6.029,101.554,1380.0
6.039,101.622,1380.0
6.049,101.69,1380.0
6.06,101.758,1380.0
6.069,101.826,1380.0
6.079,101.894,1380.0
6.089,117.631,1350.0
6.099,102.132,1380.0
6.109,102.2,1380.0
6.119,102.268,1380.0
6.129,118.005,1350.0
6.139,102.506,1380.0
6.149,86.905,1410.0
6.159,102.54,1380.0
6.169,118.277,1350.0
6.179,102.778,1380.0
6.189,118.515,1350.0
6.199,103.016,1380.0
6.209,87.415,1410.0
6.219,103.05,1380.0
6.23,118.787,1350.0
6.239,103.288,1380.0
6.249,87.687,1410.0
6.259,118.991,1350.0
6.269,103.492,1380.0
6.279,103.56,1380.0
6.289,103.628,1380.0
6.299,119.365,1350.0
6.309,103.866,1380.0
6.319,88.265,1410.0
6.329,103.9,1380.0
6.339,103.968,1380.0
6.349,119.705,1350.0
6.359,104.206,1380.0
6.369,104.274,1380.0
6.379,104.342,1380.0
6.389,104.41,1380.0
6.4,104.478,1380.0
6.409,88.877,1410.0
6.419,104.512,1380.0
6.429,120.249,1350.0
6.439,104.75,1380.0
6.449,104.818,1380.0
6.459,104.886,1380.0
6.469,104.954,1380.0
6.479,105.022,1380.0
6.489,105.09,1380.0
6.499,105.158,1380.0
6.509,89.557,1410.0
6.519,105.192,1380.0
6.789,107.028,1380.0
6.799,107.096,1380.0
6.809,107.164,1380.0
6.819,107.232,1380.0
6.829,91.631,1410.0
6.839,107.266,1380.0
6.849,123.003,1350.0
6.859,91.835,1410.0
6.87,107.47,1380.0
6.879,107.538,1380.0
6.889,107.606,1380.0
6.899,92.005,1410.0
6.909,107.64,1380.0
6.919,92.039,1410.0
6.929,123.343,1350.0
6.939,92.175,1410.0
6.949,107.81,1380.0
6.959,107.878,1380.0
6.969,107.946,1380.0
6.979,92.345,1410.0
6.989,107.98,1380.0
6.999,108.048,1380.0
7.009,108.116,1380.0
7.019,92.515,1410.0
7.029,108.15,1380.0
7.04,108.218,1380.0
7.049,108.286,1380.0
7.059,108.354,1380.0
7.069,108.422,1380.0
7.079,92.821,1410.0
7.089,92.787,1410.0
7.099,108.422,1380.0
7.109,108.49,1380.0
7.119,108.558,1380.0
7.129,108.626,1380.0
7.139,108.694,1380.0
7.149,93.094,1410.0
7.159,108.729,1380.0
7.169,108.797,1380.0
7.179,93.196,1410.0
7.189,108.831,1380.0
7.199,108.899,1380.0
7.209,108.967,1380.0
7.219,109.035,1380.0
7.229,93.434,1410.0
7.239,109.069,1380.0
7.249,109.137,1380.0
7.259,93.536,1410.0
7.269,109.171,1380.0
7.279,109.239,1380.0
7.289,93.638,1410.0
7.299,109.273,1380.0
7.309,109.341,1380.0
7.319,109.409,1380.0
7.329,93.808,1410.0
7.34,93.774,1410.0
7.349,109.409,1380.0
7.359,109.477,1380.0
7.369,109.545,1380.0
7.379,109.613,1380.0
7.389,94.012,1410.0
7.399,109.647,1380.0
7.409,109.715,1380.0
7.419,94.114,1410.0
7.429,109.749,1380.0
7.439,109.817,1380.0
7.449,94.216,1410.0
7.459,109.851,1380.0
7.469,109.919,1380.0
7.479,109.987,1380.0
7.489,94.386,1410.0
7.499,110.021,1380.0
7.51,94.42,1410.0
7.519,110.055,1380.0
7.529,110.123,1380.0
7.539,110.191,1380.0
7.549,94.59,1410.0
7.559,110.225,1380.0
7.569,110.293,1380.0
7.579,94.692,1410.0
7.589,110.327,1380.0
7.599,94.726,1410.0
7.609,110.361,1380.0
7.619,110.429,1380.0
7.629,110.497,1380.0
7.639,94.896,1410.0
7.649,110.531,1380.0
7.659,110.599,1380.0
7.669,94.998,1410.0
7.68,110.633,1380.0
7.689,95.032,1410.0
7.699,110.667,1380.0
7.709,110.735,1380.0
7.719,95.134,1410.0
7.729,110.769,1380.0
7.739,110.837,1380.0
7.749,95.236,1410.0
7.759,110.871,1380.0
7.769,95.27,1410.0
7.779,110.905,1380.0
7.789,110.973,1380.0
7.799,95.372,1410.0
7.809,111.007,1380.0
7.819,111.075,1380.0
7.829,95.474,1410.0
7.839,111.109,1380.0
7.849,111.177,1380.0
7.859,95.576,1410.0
7.869,95.542,1410.0
7.879,111.177,1380.0
7.889,111.245,1380.0
7.899,111.313,1380.0
7.909,95.712,1410.0
7.919,111.347,1380.0
7.929,95.746,1410.0
7.939,111.381,1380.0
7.949,95.78,1410.0
7.959,95.746,1410.0
7.969,127.05,1350.0
7.98,95.882,1410.0
7.989,111.517,1380.0
7.999,111.585,1380.0
8.009,95.984,1410.0
8.019,95.95,1410.0
8.029,111.585,1380.0
8.039,111.653,1380.0
8.049,96.052,1410.0
8.059,111.687,1380.0
8.069,111.755,1380.0
8.079,96.154,1410.0
8.089,111.789,1380.0
8.099,111.857,1380.0
8.109,96.256,1410.0
8.119,96.222,1410.0
8.129,111.857,1380.0
8.139,111.925,1380.0
8.15,96.324,1410.0
8.159,111.959,1380.0
8.169,112.027,1380.0
8.179,96.426,1410.0
8.189,112.061,1380.0
8.199,96.46,1410.0
8.209,96.426,1410.0
8.219,112.061,1380.0
8.229,112.129,1380.0
8.239,96.528,1410.0
8.249,112.163,1380.0
8.259,96.562,1410.0
8.269,112.197,1380.0
8.279,112.265,1380.0
8.289,96.664,1410.0
8.299,96.63,1410.0
8.309,112.265,1380.0
8.32,112.333,1380.0
8.329,112.401,1380.0
8.339,96.8,1410.0
8.349,112.435,1380.0
8.359,96.834,1410.0
8.369,112.469,1380.0
8.379,96.868,1410.0
8.389,112.503,1380.0
8.399,96.902,1410.0
8.409,112.537,1380.0
8.419,112.605,1380.0
8.429,97.004,1410.0
8.439,96.97,1410.0
8.449,112.605,1380.0
8.459,97.004,1410.0
8.469,112.639,1380.0
8.479,97.038,1410.0
8.489,112.673,1380.0
8.499,112.741,1380.0
8.509,97.14,1410.0
8.519,112.775,1380.0
8.529,97.174,1410.0
8.539,112.809,1380.0
8.549,97.208,1410.0
8.559,97.174,1410.0
8.569,112.809,1380.0
8.579,112.877,1380.0
8.589,97.276,1410.0
8.599,112.911,1380.0
8.609,112.979,1380.0
8.62,97.378,1410.0
8.629,97.344,1410.0
8.639,97.31,1410.0
8.649,112.945,1380.0
8.659,113.013,1380.0
8.669,113.081,1380.0
8.679,97.48,1410.0
8.689,97.446,1410.0
8.699,113.081,1380.0
8.709,97.48,1410.0
8.719,113.115,1380.0
8.729,97.514,1410.0
8.739,97.48,1410.0
8.749,113.115,1380.0
8.759,113.183,1380.0
8.769,97.582,1410.0
8.779,113.217,1380.0
9.049,113.625,1380.0
9.059,113.693,1380.0
9.069,98.092,1410.0
9.079,98.058,1410.0
9.089,113.693,1380.0
9.099,98.092,1410.0
9.109,113.727,1380.0
9.119,98.126,1410.0
9.129,98.092,1410.0
9.139,98.058,1410.0
9.149,113.693,1380.0
9.159,113.761,1380.0
9.169,113.829,1380.0
9.179,98.228,1410.0
9.189,98.194,1410.0
9.199,98.16,1410.0
9.209,113.795,1380.0
9.219,98.194,1410.0
9.229,113.829,1380.0
9.239,113.897,1380.0
9.249,98.296,1410.0
9.26,98.262,1410.0
9.269,113.897,1380.0
9.279,98.296,1410.0
9.289,113.931,1380.0
9.299,98.33,1410.0
9.309,98.296,1410.0
9.319,113.931,1380.0
9.329,113.999,1380.0
9.339,98.398,1410.0
9.349,98.364,1410.0
9.359,113.999,1380.0
9.369,98.398,1410.0
9.379,114.033,1380.0
9.389,98.432,1410.0
9.399,98.398,1410.0
9.409,114.033,1380.0
9.419,98.432,1410.0
9.43,98.398,1410.0
9.439,114.033,1380.0
9.449,114.101,1380.0
9.459,98.5,1410.0
9.469,98.466,1410.0
9.479,98.432,1410.0
9.489,114.067,1380.0
9.499,114.135,1380.0
9.509,98.534,1410.0
9.519,98.5,1410.0
9.529,114.135,1380.0
9.539,98.534,1410.0
9.549,98.5,1410.0
9.559,98.466,1410.0
9.569,114.101,1380.0
9.579,114.169,1380.0
9.589,98.568,1410.0
9.6,114.203,1380.0
9.609,98.602,1410.0
9.619,98.568,1410.0
9.629,114.203,1380.0
9.639,98.602,1410.0
9.649,98.568,1410.0
9.659,114.203,1380.0
9.669,98.602,1410.0
9.679,114.237,1380.0
9.689,98.636,1410.0
9.699,114.271,1380.0
9.709,98.67,1410.0
9.719,98.636,1410.0
9.729,114.271,1380.0
9.739,98.67,1410.0
9.749,114.305,1380.0
9.759,98.704,1410.0
9.769,98.67,1410.0
9.779,114.305,1380.0
9.789,114.373,1380.0
9.799,98.772,1410.0
9.809,98.738,1410.0
9.819,98.704,1410.0
9.829,114.339,1380.0
9.839,114.407,1380.0
9.849,98.806,1410.0
9.859,98.772,1410.0
9.869,114.407,1380.0
9.879,98.806,1410.0
9.889,98.772,1410.0
9.9,114.407,1380.0
9.909,98.806,1410.0
9.919,98.772,1410.0
9.929,114.407,1380.0
9.939,114.475,1380.0
9.949,98.874,1410.0
9.959,98.84,1410.0
9.969,114.475,1380.0
9.979,98.874,1410.0
9.989,98.84,1410.0
9.999,114.475,1380.0
10.009,114.543,1380.0
10.019,98.942,1410.0
10.029,98.908,1410.0
10.039,114.543,1380.0
10.049,114.611,1380.0
10.059,99.01,1410.0
10.07,98.976,1410.0
10.079,98.942,1410.0
10.089,114.577,1380.0
10.099,98.976,1410.0
10.109,114.611,1380.0
10.119,114.679,1380.0
10.129,99.078,1410.0
10.139,99.044,1410.0
10.149,99.01,1410.0
10.159,114.645,1380.0
10.169,99.044,1410.0
10.179,114.679,1380.0
10.189,99.078,1410.0
10.199,114.713,1380.0
10.209,99.112,1410.0
10.219,99.078,1410.0
10.229,114.713,1380.0
10.24,99.112,1410.0
10.249,99.078,1410.0
10.259,114.713,1380.0
10.269,99.112,1410.0
10.279,114.747,1380.0
10.289,99.146,1410.0
10.299,114.781,1380.0
10.309,99.18,1410.0
10.319,99.146,1410.0
10.329,99.112,1410.0
10.339,114.747,1380.0
10.349,99.146,1410.0
10.359,114.781,1380.0
10.369,114.849,1380.0
10.379,99.248,1410.0
10.389,99.214,1410.0
10.399,99.18,1410.0
10.409,114.815,1380.0
10.419,99.214,1410.0
10.429,99.18,1410.0
10.439,114.815,1380.0
10.449,99.214,1410.0
10.459,114.849,1380.0
10.469,99.248,1410.0
10.479,114.883,1380.0
10.489,99.282,1410.0
10.499,99.248,1410.0
10.509,99.214,1410.0
10.519,114.849,1380.0
10.529,114.917,1380.0
10.54,99.316,1410.0
10.549,99.282,1410.0
10.559,114.917,1380.0
10.569,99.316,1410.0
10.579,114.951,1380.0
10.589,99.35,1410.0
10.599,99.316,1410.0
10.609,114.951,1380.0
10.619,99.35,1410.0
10.629,114.985,1380.0
10.639,99.384,1410.0
10.649,99.35,1410.0
10.659,114.985,1380.0
10.669,99.384,1410.0
10.679,99.35,1410.0
10.689,114.985,1380.0
10.699,115.053,1380.0
10.71,99.452,1410.0
10.719,99.418,1410.0
10.729,99.384,1410.0
10.739,115.019,1380.0
10.749,99.418,1410.0
10.759,99.384,1410.0
10.769,115.019,1380.0
10.779,99.418,1410.0
10.789,115.053,1380.0
10.799,99.452,1410.0
10.809,99.418,1410.0
10.819,115.053,1380.0
10.829,99.452,1410.0
10.839,99.418,1410.0
10.849,115.053,1380.0
10.859,99.452,1410.0
10.869,99.418,1410.0
10.88,115.053,1380.0
10.889,99.452,1410.0
10.899,99.418,1410.0
10.909,115.053,1380.0
10.919,99.452,1410.0
10.929,99.418,1410.0
10.939,115.053,1380.0
10.949,99.452,1410.0
10.959,115.087,1380.0
10.969,99.486,1410.0
10.979,99.452,1410.0
10.989,115.087,1380.0
10.999,99.486,1410.0
11.009,99.452,1410.0
11.019,99.418,1410.0
11.029,99.384,1410.0
11.039,115.019,1380.0
11.319,99.554,1410.0
11.329,115.189,1380.0
11.339,99.588,1410.0
11.35,99.554,1410.0
11.359,99.52,1410.0
11.369,115.155,1380.0
11.379,99.554,1410.0
11.389,115.189,1380.0
11.399,99.588,1410.0
11.409,99.554,1410.0
11.419,99.52,1410.0
11.429,115.155,1380.0
11.439,99.554,1410.0
11.449,115.189,1380.0
11.459,99.588,1410.0
11.469,99.554,1410.0
11.479,115.189,1380.0
11.489,99.588,1410.0
11.499,99.554,1410.0
11.509,99.52,1410.0
11.52,115.155,1380.0
11.529,99.554,1410.0
11.539,115.189,1380.0
11.549,99.588,1410.0
11.559,115.223,1380.0
11.569,99.622,1410.0
11.579,99.588,1410.0
11.589,99.554,1410.0
11.599,115.189,1380.0
11.609,99.588,1410.0
11.619,115.223,1380.0
11.629,99.622,1410.0
11.639,99.588,1410.0
11.649,115.223,1380.0
11.659,99.622,1410.0
11.669,99.588,1410.0
11.679,115.223,1380.0
11.689,99.623,1410.0
11.699,99.589,1410.0
11.709,115.224,1380.0
11.719,99.623,1410.0
11.729,115.258,1380.0
11.739,99.657,1410.0
11.749,99.623,1410.0
11.759,99.589,1410.0
11.769,115.224,1380.0
11.779,99.623,1410.0
11.789,115.258,1380.0
11.799,99.657,1410.0
11.809,99.623,1410.0
11.82,115.258,1380.0
11.829,99.657,1410.0
11.839,115.292,1380.0
11.849,99.691,1410.0
11.859,99.657,1410.0
11.869,99.623,1410.0
11.879,115.258,1380.0
11.889,99.657,1410.0
11.899,99.623,1410.0
11.909,115.258,1380.0
11.919,115.326,1380.0
11.929,99.725,1410.0
11.939,84.022,1440.0
11.949,115.224,1380.0
11.959,99.623,1410.0
11.969,115.258,1380.0
11.979,99.657,1410.0
11.99,99.623,1410.0
11.999,115.258,1380.0
12.009,99.657,1410.0
12.019,115.292,1380.0
12.029,99.691,1410.0
12.039,83.988,1440.0
12.049,115.19,1380.0
12.059,115.258,1380.0
12.069,99.657,1410.0
12.079,99.623,1410.0
12.089,115.258,1380.0
12.099,99.657,1410.0
12.109,99.623,1410.0
12.119,99.589,1410.0
12.129,115.224,1380.0
12.139,99.623,1410.0
12.149,115.258,1380.0
12.16,99.657,1410.0
12.169,99.623,1410.0
12.179,99.589,1410.0
12.189,115.224,1380.0
12.199,99.623,1410.0
12.209,99.589,1410.0
12.219,115.224,1380.0
12.229,99.623,1410.0
12.239,99.589,1410.0
12.249,115.224,1380.0
12.259,99.623,1410.0
12.269,99.589,1410.0
12.279,115.224,1380.0
12.289,99.623,1410.0
12.299,99.589,1410.0
12.309,115.224,1380.0
12.319,99.623,1410.0
12.329,99.589,1410.0
12.339,115.224,1380.0
12.349,99.623,1410.0
12.359,115.258,1380.0
12.369,99.657,1410.0
12.379,99.623,1410.0
12.389,99.589,1410.0
12.399,115.224,1380.0
12.409,99.623,1410.0
12.419,115.258,1380.0
12.429,99.657,1410.0
12.439,99.623,1410.0
12.449,99.589,1410.0
12.46,115.224,1380.0
12.469,99.623,1410.0
12.479,115.258,1380.0
12.489,99.657,1410.0
12.499,99.623,1410.0
12.509,115.258,1380.0
12.519,99.657,1410.0
12.529,115.292,1380.0
12.539,99.691,1410.0
12.549,99.657,1410.0
12.559,99.623,1410.0
12.569,115.258,1380.0
12.579,99.657,1410.0
12.589,115.292,1380.0
12.599,99.691,1410.0
12.609,99.657,1410.0
12.619,115.292,1380.0
12.63,99.691,1410.0
12.639,99.657,1410.0
12.649,99.623,1410.0
12.659,115.258,1380.0
12.669,99.657,1410.0
12.679,115.292,1380.0
12.689,99.691,1410.0
12.699,99.657,1410.0
12.709,115.292,1380.0
12.719,99.691,1410.0
12.729,99.657,1410.0
12.739,115.292,1380.0
12.749,99.691,1410.0
12.759,99.657,1410.0
12.769,115.292,1380.0
12.779,99.691,1410.0
12.789,99.657,1410.0
12.8,99.623,1410.0
12.809,115.258,1380.0
12.819,99.657,1410.0
12.829,115.292,1380.0
12.839,99.691,1410.0
12.849,99.657,1410.0
12.859,99.623,1410.0
12.869,115.258,1380.0
12.879,99.657,1410.0
12.889,99.623,1410.0
12.899,115.258,1380.0
12.909,99.657,1410.0
12.919,115.292,1380.0
12.929,99.691,1410.0
12.939,99.657,1410.0
12.949,99.623,1410.0
12.959,115.258,1380.0
12.969,99.657,1410.0
12.979,99.623,1410.0
12.989,115.258,1380.0
12.999,99.657,1410.0
13.009,115.292,1380.0
13.019,99.691,1410.0
13.029,99.657,1410.0
13.039,115.292,1380.0
13.049,99.691,1410.0
13.059,99.657,1410.0
13.069,99.623,1410.0
13.079,115.258,1380.0
13.089,115.326,1380.0
13.1,99.725,1410.0
13.109,99.691,1410.0
13.119,115.326,1380.0
13.129,99.725,1410.0
13.139,99.691,1410.0
13.149,99.657,1410.0
13.159,115.292,1380.0
13.169,99.691,1410.0
13.179,115.326,1380.0
13.189,99.725,1410.0
13.199,99.691,1410.0
13.209,115.326,1380.0
13.219,99.725,1410.0
13.229,99.691,1410.0
13.239,115.326,1380.0
13.249,99.725,1410.0
13.259,99.691,1410.0
13.27,115.326,1380.0
13.279,99.725,1410.0
13.289,99.691,1410.0
13.299,115.326,1380.0
13.309,99.725,1410.0
13.599,115.292,1380.0
13.609,99.691,1410.0
13.619,99.657,1410.0
13.629,115.292,1380.0
13.639,99.691,1410.0
13.649,99.657,1410.0
13.659,99.623,1410.0
13.669,99.589,1410.0
13.679,115.224,1380.0
13.689,115.292,1380.0
13.699,99.691,1410.0
13.709,99.657,1410.0
13.719,115.292,1380.0
13.729,99.691,1410.0
13.74,99.657,1410.0
13.749,115.292,1380.0
13.759,99.691,1410.0
13.769,99.657,1410.0
13.779,115.292,1380.0
13.789,99.691,1410.0
13.799,115.326,1380.0
13.809,99.725,1410.0
13.819,99.691,1410.0
13.829,99.657,1410.0
13.839,115.292,1380.0
13.849,115.36,1380.0
13.859,99.759,1410.0
13.869,99.725,1410.0
13.879,115.36,1380.0
13.889,99.759,1410.0
13.899,99.725,1410.0
13.91,99.691,1410.0
13.919,115.326,1380.0
13.929,99.725,1410.0
13.939,115.36,1380.0
13.949,99.759,1410.0
13.959,99.725,1410.0
13.969,115.36,1380.0
13.979,99.759,1410.0
13.989,99.725,1410.0
13.999,99.691,1410.0
14.009,115.326,1380.0
14.019,99.725,1410.0
14.029,115.36,1380.0
14.039,99.759,1410.0
14.049,99.725,1410.0
14.059,115.36,1380.0
14.069,99.759,1410.0
14.08,99.725,1410.0
14.089,99.691,1410.0
14.099,115.326,1380.0
14.109,115.394,1380.0
14.119,99.793,1410.0
14.129,99.759,1410.0
14.139,99.725,1410.0
14.149,115.36,1380.0
14.159,99.759,1410.0
14.169,99.725,1410.0
14.179,99.691,1410.0
14.189,115.326,1380.0
14.199,99.725,1410.0
14.209,115.36,1380.0
14.219,99.759,1410.0
14.229,99.725,1410.0
14.239,115.36,1380.0
14.249,99.759,1410.0
14.259,84.056,1440.0
14.269,115.258,1380.0
14.279,115.326,1380.0
14.289,99.725,1410.0
14.299,115.36,1380.0
14.309,99.759,1410.0
14.319,99.725,1410.0
14.329,99.691,1410.0
14.339,99.657,1410.0
14.349,115.292,1380.0
14.359,99.691,1410.0
14.369,115.326,1380.0
14.38,99.725,1410.0
14.389,115.36,1380.0
14.399,115.428,1380.0
14.409,99.827,1410.0
14.419,99.793,1410.0
14.429,115.428,1380.0
14.439,99.827,1410.0
14.449,115.462,1380.0
14.459,99.861,1410.0
14.469,115.496,1380.0
14.479,115.564,1380.0
14.489,99.963,1410.0
14.499,99.929,1410.0
14.509,99.895,1410.0
14.519,115.53,1380.0
14.529,99.929,1410.0
14.539,115.564,1380.0
14.55,99.963,1410.0
14.559,99.929,1410.0
14.569,99.895,1410.0
14.579,115.53,1380.0
14.589,99.929,1410.0
14.599,99.895,1410.0
14.609,99.861,1410.0
14.619,115.496,1380.0
14.629,115.564,1380.0
14.639,99.963,1410.0
14.649,99.929,1410.0
14.659,99.895,1410.0
14.669,99.861,1410.0
14.679,115.496,1380.0
14.689,99.895,1410.0
14.699,99.861,1410.0
14.709,115.496,1380.0
14.72,99.895,1410.0
14.729,115.53,1380.0
14.739,99.929,1410.0
14.749,99.895,1410.0
14.759,115.53,1380.0
14.769,99.929,1410.0
14.779,99.895,1410.0
14.789,99.861,1410.0
14.799,115.496,1380.0
14.809,99.895,1410.0
14.819,115.53,1380.0
14.829,99.929,1410.0
14.839,115.564,1380.0
14.849,99.963,1410.0
14.859,99.929,1410.0
14.869,99.895,1410.0
14.879,115.53,1380.0
14.889,99.929,1410.0
14.899,115.564,1380.0
14.909,99.963,1410.0
14.919,115.598,1380.0
14.929,99.997,1410.0
14.939,99.963,1410.0
14.949,115.598,1380.0
14.959,99.997,1410.0
14.969,115.632,1380.0
14.979,100.031,1410.0
14.989,115.666,1380.0
14.999,100.065,1410.0
15.009,100.031,1410.0
15.02,115.666,1380.0
15.029,100.065,1410.0
15.039,100.031,1410.0
15.049,115.666,1380.0
15.059,100.065,1410.0
15.069,115.7,1380.0
15.079,100.099,1410.0
15.089,115.734,1380.0
15.099,100.133,1410.0
15.109,100.099,1410.0
15.119,100.065,1410.0
15.129,115.7,1380.0
15.139,100.099,1410.0
15.149,100.065,1410.0
15.159,115.7,1380.0
15.169,100.099,1410.0
15.179,115.734,1380.0
15.19,100.133,1410.0
15.199,100.099,1410.0
15.209,100.065,1410.0
15.219,115.7,1380.0
15.229,115.768,1380.0
15.239,100.167,1410.0
15.249,100.133,1410.0
15.259,115.768,1380.0
15.269,100.167,1410.0
15.279,100.133,1410.0
15.289,100.099,1410.0
15.299,115.734,1380.0
15.309,100.133,1410.0
15.319,115.768,1380.0
15.329,100.167,1410.0
15.339,100.133,1410.0
15.349,115.768,1380.0
15.36,100.167,1410.0
15.369,100.133,1410.0
15.379,100.099,1410.0
15.389,115.734,1380.0
15.399,115.802,1380.0
15.409,100.201,1410.0
15.419,100.167,1410.0
15.429,100.133,1410.0
15.439,115.768,1380.0
15.449,100.167,1410.0
15.459,100.133,1410.0
15.469,115.768,1380.0
15.479,100.167,1410.0
15.489,115.802,1380.0
15.499,100.201,1410.0
15.509,100.167,1410.0
15.519,115.802,1380.0
15.529,100.201,1410.0
15.539,100.167,1410.0
15.549,115.802,1380.0
15.559,100.201,1410.0
15.569,100.167,1410.0
15.579,115.802,1380.0
15.589,100.201,1410.0
15.879,100.202,1410.0
15.889,100.168,1410.0
15.899,115.803,1380.0
15.909,100.202,1410.0
15.919,115.837,1380.0
15.929,100.236,1410.0
15.939,100.202,1410.0
15.949,115.837,1380.0
15.959,100.236,1410.0
15.969,100.202,1410.0
15.979,100.168,1410.0
15.989,115.803,1380.0
16.0,100.202,1410.0
16.009,100.168,1410.0
16.019,115.803,1380.0
16.029,100.202,1410.0
16.039,100.168,1410.0
16.049,100.134,1410.0
16.059,115.769,1380.0
16.069,100.168,1410.0
16.079,115.803,1380.0
16.089,100.202,1410.0
16.099,100.168,1410.0
16.109,115.803,1380.0
16.119,100.202,1410.0
16.129,100.168,1410.0
16.139,100.134,1410.0
16.149,115.769,1380.0
16.159,100.168,1410.0
16.169,115.803,1380.0
16.179,100.202,1410.0
16.189,100.168,1410.0
16.199,115.803,1380.0
16.209,100.202,1410.0
16.219,100.168,1410.0
16.229,100.134,1410.0
16.239,115.769,1380.0
16.249,115.837,1380.0
16.259,100.236,1410.0
16.269,100.202,1410.0
16.279,100.168,1410.0
16.289,115.803,1380.0
16.3,100.202,1410.0
16.309,100.168,1410.0
16.319,100.134,1410.0
16.329,115.769,1380.0
16.339,115.837,1380.0
16.349,100.236,1410.0
16.359,100.202,1410.0
16.369,115.837,1380.0
16.379,100.236,1410.0
16.389,100.202,1410.0
16.399,100.168,1410.0
16.409,115.803,1380.0
16.419,100.202,1410.0
16.429,115.837,1380.0
16.439,100.236,1410.0
16.449,100.202,1410.0
16.459,115.837,1380.0
16.47,100.236,1410.0
16.479,100.202,1410.0
16.489,100.168,1410.0
16.499,115.803,1380.0
16.509,100.202,1410.0
16.519,100.168,1410.0
16.529,115.803,1380.0
16.539,100.202,1410.0
16.549,115.837,1380.0
16.559,100.236,1410.0
16.569,100.202,1410.0
16.579,100.168,1410.0
16.589,100.134,1410.0
16.599,115.769,1380.0
16.609,100.168,1410.0
16.619,115.803,1380.0
16.629,100.202,1410.0
16.64,100.168,1410.0
16.649,100.134,1410.0
16.659,115.769,1380.0
16.669,100.168,1410.0
16.679,100.134,1410.0
16.689,115.769,1380.0
16.699,100.168,1410.0
16.709,100.134,1410.0
16.719,115.769,1380.0
16.729,100.168,1410.0
16.739,100.134,1410.0
16.749,100.1,1410.0
16.759,115.735,1380.0
16.769,100.134,1410.0
16.779,115.769,1380.0
16.789,100.168,1410.0
16.799,100.134,1410.0
16.809,115.769,1380.0
16.819,100.168,1410.0
16.829,100.134,1410.0
16.839,100.1,1410.0
16.849,115.735,1380.0
16.859,100.134,1410.0
16.869,115.769,1380.0
16.879,100.168,1410.0
16.889,115.803,1380.0
16.899,100.202,1410.0
16.909,100.168,1410.0
16.919,100.134,1410.0
16.929,100.1,1410.0
16.94,115.735,1380.0
16.949,115.803,1380.0
16.959,100.202,1410.0
16.969,115.837,1380.0
16.979,100.236,1410.0
16.989,100.202,1410.0
16.999,100.168,1410.0
17.009,100.134,1410.0
17.019,115.769,1380.0
17.029,115.837,1380.0
17.039,100.236,1410.0
17.049,100.202,1410.0
17.059,115.837,1380.0
17.069,100.236,1410.0
17.079,100.202,1410.0
17.089,100.168,1410.0
17.099,100.134,1410.0
17.11,115.769,1380.0
17.119,115.837,1380.0
17.129,100.236,1410.0
17.139,100.202,1410.0
17.149,115.837,1380.0
17.159,100.236,1410.0
17.169,100.202,1410.0
17.179,100.168,1410.0
17.189,115.803,1380.0
17.199,100.202,1410.0
17.209,100.168,1410.0
17.219,115.803,1380.0
17.229,100.202,1410.0
17.239,115.837,1380.0
17.249,100.236,1410.0
17.259,84.533,1440.0
17.269,115.735,1380.0
17.28,115.803,1380.0
17.289,100.202,1410.0
17.299,100.168,1410.0
17.309,115.803,1380.0
17.319,100.202,1410.0
17.329,100.168,1410.0
17.339,100.134,1410.0
17.349,100.1,1410.0
17.359,115.735,1380.0
17.369,100.134,1410.0
17.379,115.769,1380.0
17.389,100.168,1410.0
17.399,100.134,1410.0
17.409,115.769,1380.0
17.419,100.168,1410.0
17.429,100.134,1410.0
17.439,100.1,1410.0
17.449,115.735,1380.0
17.459,115.803,1380.0
17.469,100.202,1410.0
17.479,100.168,1410.0
17.489,115.803,1380.0
17.499,100.202,1410.0
17.509,100.168,1410.0
17.519,115.803,1380.0
17.529,100.202,1410.0
17.539,115.837,1380.0
17.549,100.236,1410.0
17.559,100.202,1410.0
17.569,115.837,1380.0
17.58,100.236,1410.0
17.589,100.202,1410.0
17.599,100.168,1410.0
17.609,115.803,1380.0
17.619,100.202,1410.0
17.629,115.837,1380.0
17.639,100.236,1410.0
17.649,115.871,1380.0
17.659,100.27,1410.0
17.669,100.236,1410.0
17.679,115.871,1380.0
17.689,100.27,1410.0
17.699,100.236,1410.0
17.709,115.871,1380.0
17.719,100.27,1410.0
17.729,100.236,1410.0
17.739,115.871,1380.0
17.75,100.27,1410.0
17.759,115.905,1380.0
17.769,100.304,1410.0
17.779,100.27,1410.0
17.789,100.236,1410.0
17.799,115.871,1380.0
17.809,115.939,1380.0
17.819,100.338,1410.0
17.829,100.304,1410.0
17.839,100.27,1410.0
17.849,115.905,1380.0
17.859,100.304,1410.0
17.869,100.27,1410.0
18.159,116.007,1380.0
18.169,100.406,1410.0
18.179,100.372,1410.0
18.189,100.338,1410.0
18.199,115.973,1380.0
18.209,116.041,1380.0
18.22,100.44,1410.0
18.229,100.406,1410.0
18.239,116.041,1380.0
18.249,100.44,1410.0
18.259,100.406,1410.0
18.269,100.372,1410.0
18.279,100.338,1410.0
18.289,115.973,1380.0
18.299,116.041,1380.0
18.309,100.44,1410.0
18.319,116.075,1380.0
18.329,100.474,1410.0
18.339,100.44,1410.0
18.349,100.406,1410.0
18.359,100.372,1410.0
18.369,116.007,1380.0
18.379,100.406,1410.0
18.39,116.041,1380.0
18.399,100.44,1410.0
18.409,100.406,1410.0
18.419,116.041,1380.0
18.429,100.44,1410.0
18.439,100.406,1410.0
18.449,116.041,1380.0
18.459,100.44,1410.0
18.469,116.075,1380.0
18.479,100.474,1410.0
18.489,100.44,1410.0
18.499,116.075,1380.0
18.509,100.474,1410.0
18.519,100.44,1410.0
18.529,100.406,1410.0
18.539,100.372,1410.0
18.549,116.007,1380.0
18.56,116.075,1380.0
18.569,100.474,1410.0
18.579,100.44,1410.0
18.589,100.406,1410.0
18.599,100.372,1410.0
18.609,116.007,1380.0
18.619,100.406,1410.0
18.629,100.372,1410.0
18.639,116.007,1380.0
18.649,100.406,1410.0
18.659,116.041,1380.0
18.669,100.44,1410.0
18.679,100.406,1410.0
18.689,100.372,1410.0
18.699,100.338,1410.0
18.709,115.973,1380.0
18.719,100.372,1410.0
18.729,116.007,1380.0
18.739,100.406,1410.0
18.749,100.372,1410.0
18.759,100.338,1410.0
18.769,115.973,1380.0
18.779,100.372,1410.0
18.789,100.338,1410.0
18.799,100.304,1410.0
18.809,115.939,1380.0
18.819,100.338,1410.0
18.829,115.973,1380.0
18.839,100.372,1410.0
18.849,100.338,1410.0
18.86,115.973,1380.0
18.869,100.372,1410.0
18.879,100.338,1410.0
18.889,115.973,1380.0
18.899,100.372,1410.0
18.909,116.007,1380.0
18.919,100.406,1410.0
18.929,100.372,1410.0
18.939,100.338,1410.0
18.949,100.304,1410.0
18.959,115.939,1380.0
18.969,100.338,1410.0
18.979,115.973,1380.0
18.989,100.372,1410.0
18.999,116.007,1380.0
19.009,100.406,1410.0
19.019,100.372,1410.0
19.03,100.338,1410.0
19.039,100.304,1410.0
19.049,115.939,1380.0
19.059,100.338,1410.0
19.069,115.973,1380.0
19.079,100.372,1410.0
19.089,100.338,1410.0
19.099,115.973,1380.0
19.109,100.372,1410.0
19.119,100.338,1410.0
19.129,100.304,1410.0
19.139,115.939,1380.0
19.149,100.338,1410.0
19.159,115.973,1380.0
19.169,100.372,1410.0
19.179,100.338,1410.0
19.189,115.973,1380.0
19.2,100.372,1410.0
19.209,100.338,1410.0
19.219,100.304,1410.0
19.229,100.27,1410.0
19.239,115.905,1380.0
19.249,100.304,1410.0
19.259,115.939,1380.0
19.269,100.338,1410.0
19.279,100.304,1410.0
19.289,100.27,1410.0
19.299,115.905,1380.0
19.309,100.304,1410.0
19.319,100.27,1410.0
19.329,115.905,1380.0
19.339,100.304,1410.0
19.349,115.939,1380.0
19.359,100.338,1410.0
19.369,100.304,1410.0
19.379,100.27,1410.0
19.389,100.236,1410.0
19.399,115.871,1380.0
19.409,100.27,1410.0
19.419,115.905,1380.0
19.429,100.304,1410.0
19.439,100.27,1410.0
19.449,115.905,1380.0
19.459,100.304,1410.0
19.469,100.27,1410.0
19.479,100.236,1410.0
19.489,115.871,1380.0
19.5,100.27,1410.0
19.509,115.905,1380.0
19.519,100.304,1410.0
19.529,100.27,1410.0
19.539,100.236,1410.0
19.549,115.871,1380.0
19.559,100.27,1410.0
19.569,100.236,1410.0
19.579,115.871,1380.0
19.589,115.939,1380.0
19.599,100.338,1410.0
19.609,115.973,1380.0
19.619,100.372,1410.0
19.629,100.338,1410.0
19.639,115.973,1380.0
19.649,116.041,1380.0
19.659,100.44,1410.0
19.67,100.406,1410.0
19.679,116.041,1380.0
19.689,116.109,1380.0
19.699,100.508,1410.0
19.709,100.474,1410.0
19.719,100.441,1410.0
19.729,116.076,1380.0
19.739,100.475,1410.0
19.749,116.11,1380.0
19.759,100.509,1410.0
19.769,100.475,1410.0
19.779,100.441,1410.0
19.789,116.076,1380.0
19.799,100.475,1410.0
19.809,100.441,1410.0
19.819,100.407,1410.0
19.829,116.042,1380.0
19.84,100.441,1410.0
19.849,100.407,1410.0
19.859,100.373,1410.0
19.869,116.008,1380.0
19.879,116.076,1380.0
19.889,100.475,1410.0
19.899,100.441,1410.0
19.909,100.407,1410.0
19.919,116.042,1380.0
19.929,100.441,1410.0
19.939,100.407,1410.0
19.949,116.042,1380.0
19.959,100.441,1410.0
19.969,100.407,1410.0
19.979,100.373,1410.0
19.989,116.008,1380.0
19.999,100.407,1410.0
20.009,116.042,1380.0
20.019,100.441,1410.0
20.029,100.407,1410.0
20.039,100.373,1410.0
20.049,116.008,1380.0
20.059,100.407,1410.0
20.069,100.373,1410.0
20.079,100.339,1410.0
20.089,115.974,1380.0
20.099,100.373,1410.0
20.109,116.008,1380.0
20.119,100.407,1410.0
20.129,100.373,1410.0
20.14,116.008,1380.0
20.149,100.407,1410.0